Title,ArtistName,Target
uptown funk!,mark ronson ,1
blank space,taylor swift,1
take me to church,hozier,1
thinking out loud,ed sheeran,1
lips are movin,meghan trainor,1
all about that bass,meghan trainor,1
shake it off,taylor swift,1
i'm not the only one,sam smith,1
jealous,nick jonas,1
animals,maroon 5,1
love me harder,ariana grande & the weeknd,1
i don't f**k with you,big sean ,1
centuries,fall out boy,1
the heart wants what it wants,selena gomez,1
bang bang,jessie j,1
only,nicki minaj ,1
the hanging tree,james newton howard ,1
tuesday,i love makonnen ,1
stay with me,sam smith,1
habits ,tove lo,1
no type,rae sremmurd,1
waves,mr. probz,1
don't,ed sheeran,1
7/11,beyonce,1
hot boy,bobby shmurda,1
coco,o.t. genasis,1
rude,magic!,1
i don't mind,usher ,1
beg for it,iggy azalea ,1
don't tell 'em,jeremih ,1
black widow,iggy azalea ,1
blame,calvin harris ,1
time of our lives,pitbull & ne-yo,1
night changes,one direction,1
only one,kanye west ,1
riptide,vance joy,1
chandelier,sia,1
l.a.love ,fergie,1
heroes ,alesso ,1
trumpets,jason derulo,1
ghost,ella henderson,1
something in the water,carrie underwood,1
shotgun rider,tim mcgraw,1
rather be,clean bandit ,1
stolen dance,milky chance,1
sledgehammer,fifth harmony,1
try me,dej loaf,1
anaconda,nicki minaj,1
talladega,eric church,1
lifestyle,rich gang ,1
sun daze,florida georgia line,1
touchin  lovin,trey songz ,1
i lived,onerepublic,1
g.d.f.r.,flo rida ,1
steal my girl,one direction,1
i see you,luke bryan,1
perfect storm,brad paisley,1
i bet my life,imagine dragons,1
feeling myself,nicki minaj ,1
prayer in c,lillywood & robin schulz,1
she knows,ne-yo ,1
lonely tonight,blake shelton ,1
drinking class,lee brice,1
hold you down,dj khaled ,1
try,colbie caillat,1
just gettin' started,jason aldean,1
god made girls,raelynn,1
til it's gone,kenny chesney,1
often,the weeknd,1
dangerous,david guetta ,1
style,taylor swift,1
make me wanna,thomas rhett,1
lonely eyes,chris young,1
close your eyes,parmalee,1
mean to me,brett eldredge,1
body language,kid ink ,1
shut up and dance,walk the moon,1
stuck on a feeling,prince royce ,1
somewhere in my car,keith urban,1
something big,shawn mendes,1
***flawless,beyonce ,1
homegrown honey,darius rucker,1
like a cowboy,randy houser,1
dear future husband,meghan trainor,1
in your arms,nico & vinz,1
apparently,j. cole,1
earned it ,the weeknd,1
no love,august alsina,1
neon light,blake shelton,1
outside,calvin harris ,1
bed of lies,nicki minaj ,1
throw sum mo,rae sremmurd ,1
take your time,sam hunt,1
yellow flicker beat,lorde,1
what we ain't got,jake owen,1
geronimo,sheppard,1
a guy walks into a bar,tyler farr,1
take it on back,chase bryant,1
ain't worth the whiskey,cole swindell,1
i mean it,g-eazy ,1
rockstar,post malone ,1
bodak yellow ,cardi b,1
1-800-273-8255,logic ,1
feel it still,portugal. the man,1
thunder,imagine dragons,1
mi gente,j balvin & willy william ,1
sorry not sorry,demi lovato,1
too good at goodbyes,sam smith,1
unforgettable,french montana ,1
look what you made me do,taylor swift,1
i get the bag,gucci mane ,1
attention,charlie puth,1
what about us,p!nk,1
believer,imagine dragons,1
despacito,luis fonsi & daddy yankee ,1
bank account,21 savage,1
rake it up,yo gotti ,1
perfect,ed sheeran,1
what lovers do,maroon 5 ,1
havana,camila cabello ,1
strip that down,liam payne ,1
shape of you,ed sheeran,1
there's nothing holdin' me back,shawn mendes,1
slow hands,niall horan,1
young dumb & broke,khalid,1
what ifs,kane brown ,1
gucci gang,lil pump,1
praying,kesha,1
i fall apart,post malone,1
that's what i like,bruno mars,1
wild thoughts,dj khaled ,1
bad at love,halsey,1
when it rains it pours,luke combs,1
congratulations,post malone ,1
humble.,kendrick lamar,1
xo tour llif3,lil uzi vert,1
something just like this,the chainsmokers & coldplay,1
new rules,dua lipa,1
body like a back road,sam hunt,1
do re mi,blackbear,1
love galore,sza ,1
no limit,g-eazy ,1
location,khalid,1
silence,marshmello ,1
the weekend,sza,1
say you won't let go,james arthur,1
crew,goldlink ,1
unforgettable,thomas rhett,1
no promises,cheat codes ,1
every little thing,carly pearce,1
butterfly effect,travis scott,1
...ready for it?,taylor swift,1
small town boy,dustin lynch,1
greatest love story,lanco,1
pills and automobiles,chris brown ,1
the way life goes,lil uzi vert ,1
roll in peace,kodak black ,1
the race,tay-k,1
love so soft,kelly clarkson,1
how long,charlie puth,1
plain jane,a$ap ferg ,1
jocelyn flores,xxxtentacion,1
transportin',kodak black,1
glorious,macklemore ,1
relationship,young thug ,1
more girls like you,kip moore,1
light it up,luke bryan,1
it's a vibe,2 chainz ,1
dusk till dawn,zayn ,1
i'll name the dogs,blake shelton,1
curve,gucci mane ,1
escapate conmigo,wisin ,1
heartache on the dance floor,jon pardi,1
let me go,hailee steinfeld & alesso ,1
f**k love,xxxtentacion ,1
go flex,post malone,1
fix a drink,chris janson,1
like i loved you,brett young,1
all the pretty girls,kenny chesney,1
losing sleep,chris young,1
sauce it up,lil uzi vert,1
high end,chris brown ,1
i could use a love song,maren morris,1
yours,russell dickerson,1
sky walker,miguel ,1
b.e.d.,jacquees,1
let you down,nf,1
friends,justin bieber + bloodpop,1
questions,chris brown,1
lights down low,max ,1
too hotty,quavo,1
smooth,florida georgia line,1
round here buzz,eric church,1
feels,calvin harris ,1
stunting ain't nuthin,gucci mane ,1
you broke up with me,walker hayes,1
mayores,becky g ,1
ask me how i know,garth brooks,1
they don't know,jason aldean,1
do i make you wanna,billy currington,1
work,rihanna ,1
love yourself,justin bieber,1
stressed out,twenty one pilots,1
sorry,justin bieber,1
my house,flo rida,1
pillowtalk,zayn,1
me  myself & i,g-eazy x bebe rexha,1
hello,adele,1
cake by the ocean,dnce,1
roses,the chainsmokers ,1
hands to myself,selena gomez,1
7 years,lukas graham,1
down in the dm,yo gotti ,1
one call away,charlie puth,1
i took a pill in ibiza,mike posner,1
stitches,shawn mendes,1
don't,bryson tiller,1
when we were young,adele,1
in the night,the weeknd,1
same old love,selena gomez,1
hotline bling,drake,1
the hills,the weeknd,1
hide away,daya,1
jumpman,drake & future,1
what do you mean?,justin bieber,1
here,alessia cara,1
say it,tory lanez,1
oui,jeremih,1
2 phones,kevin gates,1
679,fetty wap ,1
like i'm gonna lose you,meghan trainor ,1
summer sixteen,drake,1
adventure of a lifetime,coldplay,1
ex's & oh's,elle king,1
let it go,james bay,1
back to sleep,chris brown,1
exchange,bryson tiller,1
can't feel my face,the weeknd,1
die a happy man,thomas rhett,1
antidote,travis scott,1
stand by you,rachel platten,1
white iverson,post malone,1
something in the way you move,ellie goulding,1
heartbeat,carrie underwood,1
see you again,wiz khalifa ,1
wildest dreams,taylor swift,1
sugar,robin schulz ,1
best friend,young thug,1
lean on,major lazer & dj snake ,1
you should be here,cole swindell,1
i know what you did last summer,shawn mendes & camila cabello,1
drunk on your love,brett eldredge,1
low life,future ,1
break on me.,keith urban,1
my church,maren morris,1
home alone tonight,luke bryan ,1
middle,dj snake ,1
never forget you,zara larsson & mnek,1
beautiful drug,zac brown band,1
backroad song,granger smith,1
really really,kevin gates,1
confession,florida georgia line,1
we went,randy houser,1
needed me,rihanna,1
get ugly,jason derulo,1
jimmy choo,fetty wap,1
youth,troye sivan,1
make me like you,gwen stefani,1
dibs,kelsea ballerini,1
nobody to blame,chris stapleton,1
snapback,old dominion,1
i like the sound of that,rascal flatts,1
humble and kind,tim mcgraw,1
think of you,chris young duet with cassadee pope,1
lost boy,ruth b,1
acquainted,the weeknd,1
out of the woods,taylor swift,1
somewhere on a beach,dierks bentley,1
perfect,one direction,1
might be,dj luke nasty,1
don't let me down,the chainsmokers ,1
promise,kid ink ,1
little bit of you,chase bryant,1
hollow,tori kelly,1
mind reader,dustin lynch,1
sorry not sorry,bryson tiller,1
look at my dab,migos,1
the sound of silence,disturbed,1
watch out,2 chainz,1
walking on a dream,empire of the sun,1
wild things,alessia cara,1
that don't sound like you,lee brice,1
saved,ty dolla $ign ,1
cut it,o.t. genasis ,1
$ave dat money,lil dicky ,1
panda,desiigner,1
cheap thrills,sia ,1
history,one direction,1
i love this life,locash,1
might not,belly ,1
one dance,drake ,1
can't stop the feeling!,justin timberlake,1
work from home,fifth harmony ,1
this is what you came for,calvin harris ,1
just like fire,p!nk,1
don't mind,kent jones,1
dangerous woman,ariana grande,1
ride,twenty one pilots,1
h.o.l.y.,florida georgia line,1
for free,dj khaled ,1
controlla,drake,1
close,nick jonas ,1
send my love ,adele,1
all the way up,fat joe,1
me too,meghan trainor,1
too good,drake ,1
treat you better,shawn mendes,1
sorry,beyonce,1
pop style,drake ,1
huntin'  fishin' & lovin' every day,luke bryan,1
wicked,future,1
t-shirt,thomas rhett,1
never be like you,flume ,1
into you,ariana grande,1
unsteady,x ambassadors,1
no,meghan trainor,1
kill em with kindness,selena gomez,1
came here to forget,blake shelton,1
uber everywhere,madeintyo,1
church bells,carrie underwood,1
from the ground up,dan + shay,1
lights come on,jason aldean,1
i hate u i love u,gnash ,1
wasted time,keith urban,1
wake up,fetty wap,1
messin' around,pitbull ,1
body,dreezy ,1
head over boots,jon pardi,1
record year,eric church,1
hype,drake,1
you don't own me,grace ,1
childs play,drake,1
still here,drake,1
wherever i go,onerepublic,1
nothing is promised,mike will made-it x rihanna,1
light it up,major lazer ,1
grammys,drake ,1
gold,kiiara,1
noise,kenny chesney,1
peter pan,kelsea ballerini,1
make you miss me,sam hunt,1
american country love song,jake owen,1
with you,drake ,1
sit still  look pretty,daya,1
formation,beyonce,1
with you tonight / hasta el amanecer,nicky jam,1
ophelia,the lumineers,1
feel no ways,drake,1
faded,alan walker,1
fix,chris lane,1
law,yo gotti ,1
piece by piece,kelly clarkson,1
kiss it better,rihanna,1
father stretch my hands pt. 1,kanye west,1
moolah,young greatness,1
no problem,chance the rapper ,1
california gurls,katy perry ,1
love the way you lie,eminem ,1
omg,usher ,1
airplanes,b.o.b ,1
billionaire,travie mccoy ,1
find your love,drake,1
cooler than me,mike posner,1
your love is my drug,ke$ha,1
alejandro,lady gaga,1
ridin' solo,jason derulo,1
not afraid,eminem,1
break your heart,taio cruz ,1
bulletproof,la roux,1
dynamite,taio cruz,1
my first kiss,3oh!3 ,1
hey  soul sister,train,1
nothin' on you,b.o.b ,1
can't be tamed,miley cyrus,1
impossible,shontelle,1
rock that body,the black eyed peas,1
need you now,lady antebellum,1
i like it,enrique iglesias ,1
no love,eminem ,1
round & round,selena gomez & the scene,1
somebody to love,justin bieber ,1
your love,nicki minaj,1
un-thinkable ,alicia keys,1
in my head,jason derulo,1
breakeven,the script,1
undo it,carrie underwood,1
young forever,jay-z + mr. hudson,1
haven't met you yet,michael buble,1
rude boy,rihanna,1
all i do is win,dj khaled ,1
the house that built me,miranda lambert,1
over,drake,1
pray for you,jaron and the long road to love,1
there goes my baby,usher,1
this afternoon,nickelback,1
waka waka ,shakira ,1
rain is a good thing,luke bryan,1
lover  lover,jerrod niemann,1
telephone,lady gaga ,1
misery,maroon 5,1
water,brad paisley,1
tik tok,ke$ha,1
whataya want from me,adam lambert,1
free,zac brown band,1
i gotta feeling,the black eyed peas,1
gettin' over you,david guetta & chris willis ,1
if we ever meet again,timbaland ,1
hello good morning,diddy - dirty money ,1
ride,ciara ,1
crazy town,jason aldean,1
my chick bad,ludacris ,1
she won't be lonely long,clay walker,1
love like crazy,lee brice,1
i never told you,colbie caillat,1
king of anything,sara bareilles,1
lose my mind,young jeezy ,1
got your back,t.i. ,1
won't back down,eminem ,1
teach me how to dougie,cali swag district,1
pretty good at drinkin' beer,billy currington,1
beautiful monster,ne-yo,1
the only exception,paramore,1
shark in the water,v v brown,1
eenie meenie,sean kingston & justin bieber,1
half of my heart,john mayer,1
sex room,ludacris ,1
cold wind blows,eminem,1
gimmie that girl,joe nichols,1
if it's love,train,1
i'm in,keith urban,1
stay,miley cyrus,1
miss me,drake ,1
glitter in the air,p!nk,1
hold you ,gyptian,1
the man i want to be,chris young,1
wrong baby wrong,martina mcbride,1
little white church,little big town,1
pretty boy swag,soulja boy tell'em,1
animal,neon trees,1
wavin' flag,k'naan,1
i keep on loving you,reba,1
never say never,justin bieber ,1
neighbors know my name,trey songz,1
talkin' 2 myself,eminem ,1
our kind of love,lady antebellum,1
up all night,drake ,1
magic,b.o.b ,1
25 to life,eminem,1
kissin u,miranda cosgrove,1
if i had you,adam lambert,1
i'm back,t.i.,1
this ain't nothin',craig morgan,1
all about tonight,blake shelton,1
farmer's daughter,rodney atkins,1
143,bobby brackins ,1
lay me down,the dirty heads ,1
trap queen,fetty wap,1
sugar,maroon 5,1
love me like you do,ellie goulding,1
want to want me,jason derulo,1
nasty freestyle,t-wayne,1
somebody,natalie la rose ,1
hey mama,david guetta ,1
post to be,omarion ,1
talking body,tove lo,1
honey  i'm good.,andy grammer,1
one last time,ariana grande,1
chains,nick jonas,1
worth it,fifth harmony ,1
you know you like it,dj snake & alunageorge,1
b**** better have my money,rihanna,1
where are u now,skrillex & diplo with justin bieber,1
girl crush,little big town,1
slow motion,trey songz,1
lay me down,sam smith,1
pretty girls,britney spears & iggy azalea,1
blessings,big sean ,1
watch me,silento,1
budapest,george ezra,1
truffle butter,nicki minaj ,1
ayo,chris brown & tyga,1
sippin' on fire,florida georgia line,1
elastic heart,sia,1
don't it,billy currington,1
fourfiveseconds,rihanna & kanye west & paul mccartney,1
sangria,blake shelton,1
cheerleader,omi,1
smoke,a thousand horses,1
bright,echosmith,1
fight song,rachel platten,1
believe,mumford & sons,1
raise 'em up,keith urban ,1
homegrown,zac brown band,1
heartbeat song,kelly clarkson,1
all day,kanye west ,1
nasty,bandit gang marco ,1
i bet,ciara,1
flex ,rich homie quan,1
i want you to know,zedd ,1
be real,kid ink ,1
commas,future,1
say you do,dierks bentley,1
i really like you,carly rae jepsen,1
know yourself,drake,1
little toy guns,carrie underwood,1
wild child,kenny chesney with grace potter,1
energy,drake,1
love you like that,canaan smith,1
love me like you mean it,kelsea ballerini,1
the matrimony,wale ,1
diamond rings and old barstools,tim mcgraw with catherine dunn,1
renegades,x ambassadors,1
like a wrecking ball,eric church,1
coffee,miguel,1
baby be my love song,easton corbin,1
king kunta,kendrick lamar,1
she don't love you,eric paslay,1
wet dreamz,j. cole,1
el perdon ,nicky jam & enrique iglesias,1
uma thurman,fall out boy,1
one hell of an amen,brantley gilbert,1
get low,dillon francis & dj snake,1
i need your love,shaggy ,1
tonight looks good on you,jason aldean,1
classic man,jidenna ,1
i don't get tired ,kevin gates ,1
games,luke bryan,1
the night is still young,nicki minaj,1
nothing without love,nate ruess,1
nobody love,tori kelly,1
crushin' it,brad paisley,1
american oxygen,rihanna,1
flicka da wrist,chedda da connect,1
shine on,sawyer fredericks,1
10 bands,drake,1
s&m,rihanna ,1
e.t.,katy perry ,1
just can't get enough,the black eyed peas,1
down on me,jeremih ,1
f**k you! ,cee lo green,1
rolling in the deep,adele,1
look at me now,chris brown ,1
on the floor,jennifer lopez ,1
till the world ends,britney spears ,1
judas,lady gaga,1
the lazy song,bruno mars,1
blow,ke$ha,1
born this way,lady gaga,1
written in the stars,tinie tempah ,1
the show goes on,lupe fiasco,1
f**kin' perfect,p!nk,1
moment 4 life,nicki minaj ,1
i need a doctor,dr. dre ,1
all of the lights,kanye west,1
give me everything,pitbull ,1
roll up,wiz khalifa,1
firework,katy perry,1
grenade,bruno mars,1
price tag,jessie j ,1
coming home,diddy - dirty money ,1
more,usher,1
what the hell,avril lavigne,1
hey baby ,pitbull ,1
tonight ,enrique iglesias ,1
backseat,new boyz ,1
don't you wanna stay,jason aldean with kelly clarkson,1
pretty girl rock,keri hilson,1
6 foot 7 foot,lil wayne ,1
colder weather,zac brown band,1
just the way you are,bruno mars,1
for the first time,the script,1
who says,selena gomez & the scene,1
old alabama,brad paisley ,1
jar of hearts,christina perri,1
bow chicka wow wow,mike posner ,1
a little bit stronger,sara evans,1
raise your glass,p!nk,1
are you gonna kiss me or not,thompson square,1
heart like mine,miranda lambert,1
i won't let go,rascal flatts,1
honey bee,blake shelton,1
stereo love,edward maya & vika jigulina,1
did it on'em,nicki minaj,1
no hands,waka flocka flame ,1
mean,taylor swift,1
this,darius rucker,1
what do you want,jerrod niemann,1
you lie,the band perry,1
motivation,kelly rowland ,1
party rock anthem,lmfao ,1
rocketeer,far*east movement ,1
sure thing,miguel,1
without you,keith urban,1
racks,yc ,1
live a little,kenny chesney,1
red nation,game ,1
tomorrow,chris young,1
the cave,mumford & sons,1
john,lil wayne ,1
hold it against me,britney spears,1
bleed red,ronnie dunn,1
rope,foo fighters,1
best love song,t-pain ,1
hustle hard,ace hood,1
if heaven wasn't so far away,justin moore,1
my last,big sean ,1
love faces,trey songz,1
grove st. party,waka flocka flame ,1
no sleep,wiz khalifa,1
bring it back,travis porter,1
i can't love you back,easton corbin,1
you be killin em,fabolous,1
country song,seether,1
dirt road anthem,jason aldean,1
sing,my chemical romance,1
friday,rebecca black,1
far away,marsha ambrosius,1
family man,craig campbell,1
boyfriend,big time rush,1
homeboy,eric church,1
beggin' on your knees,victorious cast ,1
where you at,jennifer hudson,1
little miss,sugarland,1
she ain't you,chris brown,1
hello,martin solveig & dragonette,1
tonight tonight,hot chelle rae,1
determinate,bridgit mendler,1
i smile,kirk franklin,1
barefoot blue jean night,jake owen,1
i do,colbie caillat,1
good life,onerepublic,1
somewhere else,toby keith,1
crazy girl,eli young band,1
fancy,iggy azalea ,1
am i wrong,nico & vinz,1
problem,ariana grande ,1
maps,maroon 5,1
boom clap,charli xcx,1
latch,disclosure ,1
bailando,enrique iglesias ,1
all of me,john legend,1
dark horse,katy perry ,1
shower,becky g,1
break free,ariana grande ,1
summer,calvin harris,1
happy,pharrell williams,1
burnin' it down,jason aldean,1
love runs out,onerepublic,1
dirt,florida georgia line,1
2 on,tinashe ,1
wiggle,jason derulo ,1
american kids,kenny chesney,1
drunk on a plane,dierks bentley,1
turn down for what,dj snake & lil jon,1
bartender,lady antebellum,1
really don't care,demi lovato ,1
loyal,chris brown ,1
classic,mkto,1
counting stars,onerepublic,1
i don't dance,lee brice,1
a sky full of stars,coldplay,1
studio,schoolboy q ,1
no mediocre,t.i. ,1
meanwhile back at mama's,tim mcgraw ,1
believe me,lil wayne ,1
cool kids,echosmith,1
pompeii,bastille,1
this is how we roll,florida georgia line ,1
come with me now,kongos,1
somethin' bad,miranda lambert duet with carrie underwood,1
pills n potions,nicki minaj,1
ain't it fun,paramore,1
leave the night on,sam hunt,1
roller coaster,luke bryan,1
river bank,brad paisley,1
amnesia,5 seconds of summer,1
girls chase boys,ingrid michaelson,1
we dem boyz,wiz khalifa,1
0 to 100 / the catch up,drake,1
hope you get lonely tonight,cole swindell,1
where it's at ,dustin lynch,1
yeah,joe nichols,1
me and my broken heart,rixton,1
come get it bae,pharrell williams,1
main chick,kid ink ,1
this is how we do,katy perry,1
beachin',jake owen,1
small town throwdown,brantley gilbert ,1
we are tonight,billy currington,1
hideaway,kiesza,1
ready set roll,chase rice,1
new flame,chris brown ,1
sing,ed sheeran,1
wasted,tiesto ,1
v. 3005,childish gambino,1
love never felt so good,michael jackson & justin timberlake,1
day drinking,little big town,1
bo$$,fifth harmony,1
i'm ready,ajr,1
who i am with you,chris young,1
cut her off,kcamp ,1
work,iggy azalea,1
sunshine & whiskey,frankie ballard,1
she looks so perfect,5 seconds of summer,1
wild life,jack & jack,1
fight night,migos,1
i will never let you down,rita ora,1
good kisser,usher,1
my eyes,blake shelton ,1
fireball,pitbull ,1
no flex zone,rae sremmurd,1
foreign,trey songz,1
cold one,eric church,1
birthday,katy perry,1
song about a girl,eric paslay,1
about the money,t.i. ,1
dust,eli young band,1
somebody that i used to know,gotye ,1
call me maybe,carly rae jepsen,1
payphone,maroon 5 ,1
we are young,fun. ,1
starships,nicki minaj,1
wild ones,flo rida ,1
what makes you beautiful,one direction,1
glad you came,the wanted,1
boyfriend,justin bieber,1
drive by,train,1
stronger ,kelly clarkson,1
feel so close,calvin harris,1
where have you been,rihanna,1
part of me,katy perry,1
scream,usher,1
back in time,pitbull,1
take care,drake ,1
the motto,drake ,1
dance again,jennifer lopez ,1
springsteen,eric church,1
rumour has it,adele,1
lights,ellie goulding,1
brokenhearted,karmin,1
drunk on you,luke bryan,1
good girl,carrie underwood,1
mercy,kanye west,1
climax,usher,1
drank in my cup,kirko bangz,1
i won't give up,jason mraz,1
titanium,david guetta ,1
somethin' 'bout a truck,kip moore,1
birthday cake,rihanna ,1
fly over states,jason aldean,1
we found love,rihanna ,1
set fire to the rain,adele,1
faded,tyga ,1
turn me on,david guetta ,1
sexy and i know it,lmfao,1
good feeling,flo rida,1
cashin' out,ca$h out,1
everybody talks,neon trees,1
give your heart a break,demi lovato,1
young  wild & free,snoop dogg & wiz khalifa ,1
eyes open,taylor swift,1
up!,loverance ,1
paradise,coldplay,1
too close,alex clare,1
moves like jagger,maroon 5 ,1
ass back home,gym class heroes ,1
over you,miranda lambert,1
so good,b.o.b,1
leave you alone,young jeezy ,1
even if it breaks your heart,eli young band,1
beez in the trap,nicki minaj ,1
no hurry,zac brown band,1
better than i used to be,tim mcgraw,1
work hard  play hard,wiz khalifa,1
come over,kenny chesney,1
right by my side,nicki minaj ,1
ayy ladies,travis porter ,1
no lie,2 chainz ,1
hyfr ,drake ,1
you don't know her like i do,brantley gilbert,1
we run the night,havana brown ,1
burn it down,linkin park,1
some nights,fun.,1
turn up the music,chris brown,1
heart attack,trey songz,1
beers ago,toby keith,1
take it to the head,dj khaled ,1
,gloriana,1
5-1-5-0,dierks bentley,1
tongue tied,grouplove,1
banjo,rascal flatts,1
one thing,one direction,1
wanted,hunter hayes,1
midnight city,m83.,1
time is love,josh turner,1
drink on it,blake shelton,1
little talks,of monsters and men,1
crew love,drake ,1
feel like a rock star,kenny chesney & tim mcgraw,1
fine by me,andy grammer,1
dancin' away with my heart,lady antebellum,1
got my country on,chris cagle,1
postcard from paris,the band perry,1
why ya wanna,jana kramer,1
let's go,calvin harris ,1
nobody's perfect,j. cole ,1
both of us,b.o.b ,1
whistle,flo rida,1
this ole boy,craig morgan,1
ai se eu te pego,michel telo,1
the fighter,gym class heroes ,1
bangarang,skrillex ,1
same damn time,future,1
angel eyes,love and theft,1
tonight ,john legend ,1
cowboys and angels,dustin lynch,1
good for you,selena gomez ,1
locked away,r. city ,1
cool for the summer,demi lovato,1
photograph,ed sheeran,1
my way,fetty wap ,1
downtown,macklemore & ryan lewis ,1
bad blood,taylor swift ,1
drag me down,one direction,1
hit the quan,ilovememphis,1
marvin gaye,charlie puth ,1
all eyes on you,meek mill ,1
house party,sam hunt,1
back to back,drake,1
john cougar  john deere  john 3:16,keith urban,1
again,fetty wap,1
love myself,hailee steinfeld,1
buy me a boat,chris janson,1
crash and burn,thomas rhett,1
prisoner,the weeknd ,1
strip it down,luke bryan,1
planez,jeremih ,1
should've been us,tori kelly,1
where ya at,future ,1
tell your friends,the weeknd,1
how deep is your love,calvin harris & disciples,1
this could be us,rae sremmurd,1
i don't like it  i love it,flo rida ,1
she's kinda hot,5 seconds of summer,1
lose my mind,brett eldredge,1
hell of a night,dustin lynch,1
real life,the weeknd,1
save it for a rainy day,kenny chesney,1
kick the dust up,luke bryan,1
burning house,cam,1
comfortable,k camp,1
fly,maddie & tae,1
levels,nick jonas,1
beautiful now,zedd ,1
ghost town,adam lambert,1
anything goes,florida georgia line,1
black magic,little mix,1
break up with him,old dominion,1
smoke break,carrie underwood,1
roots,imagine dragons,1
i'm comin' over,chris young,1
shameless,the weeknd,1
rotten to the core,dove cameron,1
cheyenne,jason derulo,1
one man can change the world,big sean ,1
loving you easy,zac brown band,1
alright,kendrick lamar,1
losers,the weeknd ,1
do it again,pia mia ,1
r.i.c.o.,meek mill ,1
let me see ya girl,cole swindell,1
omen,disclosure ,1
young & crazy,frankie ballard,1
100,the game ,1
no role modelz,j. cole,1
dark times,the weeknd ,1
nothin' like you,dan + shay,1
jet black heart,5 seconds of summer,1
gonna wanna tonight,chase rice,1
new americana,halsey,1
real life,jake owen,1
this summer's gonna hurt...,maroon 5,1
fun,pitbull ,1
how many times,dj khaled ,1
kiss you in the morning,michael ray,1
b**** i'm madonna,madonna ,1
flashlight,jessie j,1
hood go crazy,tech n9ne ,1
sparks,hilary duff,1
tear in my heart,twenty one pilots,1
good thing,sage the gemini ,1
rack city,tyga,1
domino,jessie j,1
a woman like you,lee brice,1
international love,pitbull ,1
talk that talk,rihanna ,1
how will i know,glee cast,1
strip,chris brown ,1
safe & sound,taylor swift ,1
stay schemin,rick ross ,1
another round,fat joe ,1
loud,mac miller,1
it's not right but it's okay,glee cast,1
magic,future ,1
scary monsters and nice sprites,skrillex,1
it will rain,bruno mars,1
the one that got away,katy perry,1
ni**as in paris,jay z kanye west,1
someone like you,adele,1
dance ,big sean ,1
stereo hearts,gym class heroes ,1
work out,j. cole,1
without you,david guetta ,1
headlines,drake,1
red solo cup,toby keith,1
not over you,gavin degraw,1
5 o'clock,t-pain ,1
you da one,rihanna,1
mr. know it all,kelly clarkson,1
love you like a love song,selena gomez & the scene,1
i don't want this night to end,luke bryan,1
pumped up kicks,foster the people,1
make me proud,drake ,1
you make me feel...,cobra starship ,1
i like it like that,hot chelle rae ,1
super bass,nicki minaj,1
just a kiss,lady antebellum,1
marry the night,lady gaga,1
blackout,breathe carolina,1
drink in my hand,eric church,1
ours,taylor swift,1
strange clouds,b.o.b ,1
lotus flower bomb,wale ,1
it girl,jason derulo,1
tattoos on this town,jason aldean,1
keep me in mind,zac brown band,1
she will,lil wayne ,1
let it rain,david nail ,1
a thousand years,christina perri,1
you,chris young,1
tonight is the night,outasight,1
all your life,the band perry,1
brighter than the sun,colbie caillat,1
fly,nicki minaj ,1
alone with you,jake owen,1
the champ,nelly,1
t.h.e ,will.i.am ,1
can't get enough,j. cole ,1
heartbeat,the fray,1
the trouble with girls,scotty mccreery,1
you the boss,rick ross ,1
party,beyonce ,1
lonely boy,the black keys,1
levels,avicii,1
i'm gonna love you through it,martina mcbride,1
bait a hook,justin moore,1
shake it out,florence + the machine,1
kyoto,skrillex ,1
i do,young jeezy ,1
you gonna fly,keith urban,1
when we stand together,nickelback,1
home,dierks bentley,1
reality,kenny chesney,1
wish you were here,avril lavigne,1
love on top,beyonce,1
storm warning,hunter hayes,1
set you free,3oh!3,1
party on fifth ave.,mac miller,1
amen,edens edge,1
countdown,beyonce,1
camouflage,brad paisley,1
where i come from,montgomery gentry,1
mirror,lil wayne ,1
round of applause,waka flocka flame ,1
gotta have it,jay z kanye west,1
that way,wale ,1
play the guitar,b.o.b ,1
bad and boujee,migos ,1
i don't wanna live forever ,zayn / taylor swift,1
love on the brain,rihanna,1
paris,the chainsmokers,1
tunnel vision,kodak black,1
bounce back,big sean,1
closer,the chainsmokers ,1
i feel it coming,the weeknd ,1
chained to the rhythm,katy perry ,1
ispy,kyle ,1
bad things,machine gun kelly x camila cabello,1
fake love,drake,1
mercy,shawn mendes,1
24k magic,bruno mars,1
scars to your beautiful,alessia cara,1
down,marian hill,1
it ain't me,kygo x selena gomez,1
starboy,the weeknd ,1
rockabye,clean bandit ,1
don't wanna know,maroon 5 ,1
issues,julia michaels,1
stay,zedd & alessia cara,1
black beatles,rae sremmurd ,1
million reasons,lady gaga,1
t-shirt,migos,1
cold,maroon 5 ,1
all time low,jon bellion,1
slide,calvin harris ,1
let me love you,dj snake ,1
selfish,future ,1
caroline,amine,1
side to side,ariana grande ,1
swang,rae sremmurd,1
water under the bridge,adele,1
better man,little big town,1
heathens,twenty one pilots,1
dirt on my boots,jon pardi,1
mask off,future,1
party,chris brown ,1
comin out strong,future ,1
both,gucci mane ,1
i got you,bebe rexha,1
how far i'll go,auli'i cravalho,1
deja vu,j. cole,1
think a little less,michael ray,1
make me ,noah cyrus ,1
goosebumps,travis scott,1
everyday,ariana grande ,1
rolex,ayo & teo,1
shining,dj khaled ,1
play that song,train,1
sober saturday night,chris young ,1
draco,future,1
moves,big sean,1
look at me!,xxxtentacion,1
party monster,the weeknd,1
fast,luke bryan,1
today,brad paisley,1
any ol' barstool,jason aldean,1
call on me,starley,1
cash me outside ,dj suede the remix god,1
love,lana del rey,1
hurricane,luke combs,1
castle on the hill,ed sheeran,1
used to this,future ,1
no heart,21 savage & metro boomin,1
make love,gucci mane & nicki minaj,1
kill a word,eric church ,1
how far i'll go,alessia cara,1
the weekend,brantley gilbert,1
heavy,linkin park ,1
redbone,childish gambino,1
road less traveled,lauren alaina,1
in case you didn't know,brett young,1
selfish,pnb rock,1
star of the show,thomas rhett,1
love me now,john legend,1
losin control,russ,1
chantaje,shakira ,1
a guy with a girl,blake shelton,1
god  your mama  and me,florida georgia line ,1
the fighter,keith urban ,1
slippery,migos ,1
not nice,partynextdoor,1
hometown girl,josh turner,1
yeah boy,kelsea ballerini,1
black,dierks bentley,1
el amante,nicky jam,1
green light,lorde,1
all i want for christmas is you,mariah carey,1
on my mind,ellie goulding,1
confident,demi lovato,1
rockin' around the christmas tree,brenda lee,1
break up in a small town,sam hunt,1
focus,ariana grande,1
the christmas song ,nat king cole,1
jingle bell rock,bobby helms,1
do it like me,dlow,1
back up,dej loaf ,1
wtf ,missy elliott ,1
i'll show you,justin bieber,1
big rings,drake & future,1
the fix,nelly ,1
stay a little longer,brothers osborne,1
gonna know we were here,jason aldean,1
used to love you,gwen stefani,1
irresistible,fall out boy,1
i got the boy,jana kramer,1
gonna,blake shelton,1
dessert,dawin,1
come get her,rae sremmurd,1
liquor,chris brown,1
lay it all on me,rudimental ,1
right hand,drake,1
zero,chris brown,1
hallelujah,lindsey stirling,1
good to be alive ,andy grammer,1
the feeling,justin bieber ,1
top of the world,tim mcgraw,1
rgf island,fetty wap,1
blase,ty dolla $ign ,1
ginza,j balvin,1
little more ,chris brown,1
play no games,big sean ,1
purpose,justin bieber,1
stick talk,future,1
talk dirty,jason derulo ,1
not a bad thing,justin timberlake,1
let it go,idina menzel,1
best day of my life,american authors,1
play it again,luke bryan,1
la la la,naughty boy ,1
team,lorde,1
na na,trey songz,1
timber,pitbull ,1
bottoms up,brantley gilbert,1
wild wild love,pitbull ,1
show me,kid ink ,1
partition,beyonce,1
the man,aloe blacc,1
let her go,passenger,1
wake me up!,avicii,1
story of my life,one direction,1
demons,imagine dragons,1
get me some of that,thomas rhett,1
human,christina perri,1
burn,ellie goulding,1
hey brother,avicii,1
the worst,jhene aiko,1
animals,martin garrix,1
rewind,rascal flatts,1
the monster,eminem ,1
move that doh,future ,1
give me back my hometown,eric church,1
trophies,young money ,1
magic,coldplay,1
automatic,miranda lambert,1
cop car,keith urban,1
red lights,tiesto,1
sleeping with a friend,neon trees,1
beat of the music,brett eldredge,1
neon lights,demi lovato,1
mmm yeah,austin mahone ,1
who do you love?,yg ,1
drink to that all night,jerrod niemann,1
lettin' the night roll,justin moore,1
empire,shakira,1
i can't make you love me,josh kaufman,1
whiskey in my water,tyler farr,1
stoner,young thug,1
the walker,fitz and the tantrums,1
invisible,hunter hayes,1
can't remember to forget you,shakira ,1
how to love,christina grimmie,1
i choose you,sara bareilles,1
fever,the black keys,1
17 again,brantley gilbert,1
part ii ,jay z ,1
keep them kisses comin',craig campbell,1
or nah,ty dolla $ign ,1
#selfie,the chainsmokers,1
man of the year,schoolboy q,1
raging fire,phillip phillips,1
you & i,one direction,1
doin' what she likes,blake shelton,1
wrecking ball,miley cyrus,1
roar,katy perry,1
royals,lorde,1
blurred lines,robin thicke ,1
holy grail,jay z ,1
applause,lady gaga,1
berzerk,eminem,1
hold on  we're going home,drake ,1
summertime sadness,lana del rey & cedric gervais,1
we can't stop,miley cyrus,1
safe and sound,capital cities,1
radioactive,imagine dragons,1
clarity,zedd ,1
that's my kind of night,luke bryan,1
get lucky,daft punk ,1
treasure,bruno mars,1
cups ,anna kendrick,1
same love,macklemore & ryan lewis ,1
mirrors,justin timberlake,1
love somebody,maroon 5,1
sail,awolnation,1
best song ever,one direction,1
i need your love,calvin harris ,1
the fox,ylvis,1
can't hold us,macklemore & ryan lewis ,1
night train,jason aldean,1
give it 2 u,robin thicke ,1
redneck crazy,tyler farr,1
round here,florida georgia line,1
gone  gone  gone,phillip phillips,1
it goes like this,thomas rhett,1
cruise,florida georgia line ,1
just give me a reason,p!nk ,1
the way,ariana grande ,1
crooked smile,j. cole ,1
still into you,paramore,1
love more,chris brown ,1
gas pedal,sage the gemini ,1
beware,big sean ,1
everything has changed,taylor swift ,1
brave,sara bareilles,1
hey girl,billy currington,1
little bit of everything,keith urban,1
mine would be you,blake shelton,1
stay,rihanna ,1
type of way,rich homie quan,1
stay the night,zedd ,1
red nose,sage the gemini,1
point at you,justin moore,1
true love,p!nk ,1
southern girl,tim mcgraw,1
aw naw,chris young,1
slow down,selena gomez,1
sweater weather,the neighbourhood,1
all over the road,easton corbin,1
baby i,ariana grande,1
gorilla,bruno mars,1
take back the night,justin timberlake,1
parking lot party,lee brice,1
runnin' outta moonlight,randy houser,1
young and beautiful,lana del rey,1
feds watching,2 chainz ,1
don't ya,brett eldredge,1
replay,zendaya,1
atlas,coldplay,1
23,mike will made-it ,1
headband,b.o.b ,1
easy,sheryl crow,1
tom ford,jay-z,1
honest,future,1
red,taylor swift,1
sunny and 75,joe nichols,1
i luv this sh*t,august alsina ,1
propuesta indecente,romeo santos,1
we were us,keith urban and miranda lambert,1
see you again,carrie underwood,1
don't drop that thun thun!,the finatticz,1
tapout,rich gang ,1
drunk last night,eli young band,1
darte un beso,prince royce,1
miss movin' on,fifth harmony,1
american girl,bonnie mckee,1
wu-tang forever,drake,1
wop,j. dash,1
wasting all these tears,cassadee pope,1
beneath your beautiful,labrinth ,1
bounce it,juicy j ,1
bruises,train ,1
i do it,2 chainz ,1
popular song,mika ,1
outta my head,craig campbell,1
could it be,charlie worsham,1
ain't worried about nothin,french montana,1
reflektor,arcade fire,1
vivir mi vida,marc anthony,1
gummo,6ix9ine,1
motorsport,migos,1
wolves,selena gomez x marshmello,1
him & i,g-eazy & halsey,1
love.,kendrick lamar ,1
meant to be,bebe rexha & florida georgia line,1
end game,taylor swift ,1
ric flair drip,offset & metro boomin,1
it's the most wonderful time of the year,andy williams,1
a holly jolly christmas,burl ives,1
rubbin off the paint,ybn nahmir,1
tell me you love me,demi lovato,1
codeine dreaming,kodak black ,1
candy paint,post malone,1
lemon,n*e*r*d & rihanna,1
kooda,6ix9ine,1
good old days,macklemore ,1
betrayed,lil xan,1
mic drop,bts ,1
pick it up,famous dex ,1
echame la culpa,luis fonsi & demi lovato,1
wanted you,nav ,1
ghostface killers,21 savage,1
krippy kush,farruko,1
when we,tank,1
written in the sand,old dominion,1
too much to ask,niall horan,1
broken halos,chris stapleton,1
all on me,devin dawson,1
juice,yo gotti,1
bella y sensual,romeo santos ,1
faking it,calvin harris ,1
marry me,thomas rhett,1
five more minutes,scotty mccreery,1
criminal,natti natasha x ozuna,1
no frauds,nicki minaj,1
regret in your tears,nicki minaj,1
galway girl,ed sheeran,1
changed it,nicki minaj & lil wayne,1
chanel,frank ocean,1
liability,lorde,1
dive,ed sheeran,1
you're welcome,dwayne johnson,1
good drank,2 chainz x gucci mane x quavo,1
happier,ed sheeran,1
prblms,6lack,1
scared to be lonely,martin garrix & dua lipa,1
black and yellow,wiz khalifa,1
what's my name?,rihanna ,1
yeah 3x,chris brown,1
back to december,taylor swift,1
we r who we r,ke$ha,1
only girl ,rihanna,1
higher,taio cruz ,1
dj got us fallin' in love,usher ,1
teenage dream,katy perry,1
marry me,train,1
waiting for the end,linkin park,1
the time ,the black eyed peas,1
don't you want me,glee cast,1
just a dream,nelly,1
let me down easy,billy currington,1
on my level,wiz khalifa ,1
who are you when i'm not looking,blake shelton,1
blame it ,glee cast,1
who dat girl,flo rida ,1
somewhere with you,kenny chesney,1
fall for your type,jamie foxx ,1
voices,chris young,1
tik tok,glee cast,1
this is country music,brad paisley,1
buzzin',mann,1
hello world,lady antebellum,1
someone else calling you baby,luke bryan,1
pray,justin bieber,1
from a table away,sunny sweeney,1
felt good on my lips,tim mcgraw,1
bass down low,dev ,1
wildflower,the janedear girls,1
maybe,sick puppies,1
no bs,chris brown,1
lay it down,lloyd,1
welcome to my hood,dj khaled ,1
who's that chick?,david guetta ,1
i just had sex,the lonely island ,1
h*a*m,kanye west jay z,1
kush,dr. dre ,1
the shape i'm in,joe nichols,1
u smile,justin bieber,1
country boy,aaron lewis ,1
thrift shop,macklemore & ryan lewis ,1
locked out of heaven,bruno mars,1
scream & shout,will.i.am & britney spears,1
ho hey,the lumineers,1
i knew you were trouble.,taylor swift,1
don't you worry child,swedish house mafia ,1
daylight,maroon 5,1
suit & tie,justin timberlake ,1
when i was your man,bruno mars,1
beauty and a beat,justin bieber ,1
f**kin problems,a$ap rocky ,1
girl on fire,alicia keys ,1
try,p!nk,1
sweet nothing,calvin harris ,1
i will wait,mumford & sons,1
it's time,imagine dragons,1
home,phillip phillips,1
diamonds,rihanna,1
catch my breath,kelly clarkson,1
the a team,ed sheeran,1
one more night,maroon 5,1
love me,lil wayne ,1
hall of fame,the script ,1
my songs know what you did in the dark ,fall out boy,1
swimming pools ,kendrick lamar,1
i cry,flo rida,1
c'mon,ke$ha,1
better dig two,the band perry,1
one of those nights,tim mcgraw,1
pour it up,rihanna,1
adorn,miguel,1
die young,ke$ha,1
all gold everything,trinidad james,1
sure be cool if you did,blake shelton,1
i'm different,2 chainz,1
poetic justice,kendrick lamar ,1
every storm ,gary allan,1
carry on,fun.,1
don't stop the party,pitbull ,1
downtown,lady antebellum,1
let me love you ,ne-yo,1
gangnam style,psy,1
troublemaker,olly murs ,1
two black cadillacs,carrie underwood,1
the only way i know,jason aldean with luke bryan & eric church,1
tornado,little big town,1
wicked games,the weeknd,1
somebody's heartbreak,hunter hayes,1
feel this moment,pitbull ,1
madness,muse,1
southern comfort zone,brad paisley,1
highway don't care,tim mcgraw with taylor swift,1
neva end,future,1
i drive your truck,lee brice,1
started from the bottom,drake,1
ball,t.i. ,1
how country feels,randy houser,1
tip it on back,dierks bentley,1
merry go 'round,kacey musgraves,1
pirate flag,kenny chesney,1
r.i.p.,young jeezy ,1
who booty,jonn hart ,1
begin again,taylor swift,1
kiss you,one direction,1
stubborn love,the lumineers,1
mama's broken heart,miranda lambert,1
don't judge me,chris brown,1
get your shine on,florida georgia line,1
remember you,wiz khalifa ,1
if i didn't have you,thompson square,1
give it all we got tonight,george strait,1
battle scars,lupe fiasco & guy sebastian,1
little things,one direction,1
i love it,icona pop ,1
love sosa,chief keef,1
goodbye in her eyes,zac brown band,1
anything could happen,ellie goulding,1
va va voom,nicki minaj,1
loveeeeeee song,rihanna ,1
crying on a suitcase,casey james,1
guap,big sean,1
bitch  don't kill my vibe,kendrick lamar,1
nothing like us,justin bieber,1
let there be cowgirls,chris cagle,1
i can take it from there,chris young,1
love and war,tamar braxton,1
bad,wale ,1
dope,tyga ,1
come & get it,selena gomez,1
the other side,jason derulo,1
power trip,j. cole ,1
body party,ciara,1
#beautiful,mariah carey ,1
i want crazy,hunter hayes,1
crash my party,luke bryan,1
u.o.e.n.o.,rocko ,1
boys 'round here,blake shelton ,1
wagon wheel,darius rucker,1
crazy kids,ke$ha ,1
hey pretty girl,kip moore,1
rich as f**k,lil wayne ,1
i'm out,ciara ,1
done.,the band perry,1
no new friends ,dj khaled ,1
right now,rihanna ,1
jump right in,zac brown band,1
ooh la la,britney spears,1
beat it,sean kingston ,1
heart attack,demi lovato,1
f*ckwithmeyouknowigotit,jay z ,1
22,taylor swift,1
anywhere with you,jake owen,1
bubble butt,major lazer ,1
beat this summer,brad paisley,1
what about love,austin mahone,1
people like us,kelly clarkson,1
here's to never growing up,avril lavigne,1
how many drinks?,miguel,1
oceans,jay z ,1
lego house,ed sheeran,1
play hard,david guetta ,1
fine china,chris brown,1
picasso baby,jay-z,1
black skinhead,kanye west,1
goodbye town,lady antebellum,1
gentleman,psy,1
lovehate thing,wale ,1
acapella,karmin,1
crown,jay-z,1
broccoli,d.r.a.m. ,1
juju on that beat ,zay hilfigerrr & zayion mccall,1
cold water,major lazer ,1
starving,hailee steinfeld & grey ,1
ooouuu,young m.a,1
the greatest,sia ,1
blue ain't your color,keith urban,1
sneakin',drake ,1
setting the world on fire,kenny chesney ,1
sucker for pain,lil wayne,1
luv,tory lanez,1
chill bill,rob $tone ,1
tiimmy turner,desiigner,1
in the name of love,martin garrix & bebe rexha,1
may we all,florida georgia line ,1
hymn for the weekend,coldplay,1
my way,calvin harris,1
we don't talk anymore,charlie puth ,1
do you mind,dj khaled ,1
x,21 savage & metro boomin ,1
middle of a memory,cole swindell,1
litty,meek mill ,1
move,luke bryan,1
1 night,lil yachty,1
pick up the phone,young thug and travis scott ,1
a little more summertime,jason aldean,1
sleep without you,brett young,1
vice,miranda lambert,1
all we know,the chainsmokers ,1
money longer,lil uzi vert,1
too much sauce,dj esco ,1
no limit,usher ,1
come and see me,partynextdoor ,1
fade,kanye west,1
this town,niall horan,1
song for another time,old dominion,1
you was right,lil uzi vert,1
froze,meek mill ,1
dirty laundry,carrie underwood,1
offended,meek mill ,1
wanna be that song,brett eldredge,1
two birds  one stone,drake,1
on the regular,meek mill,1
key to the streets,yfn lucci ,1
hallelujah,pentatonix,1
handclap,fitz and the tantrums,1
fresh eyes,andy grammer,1
it don't hurt like it used to,billy currington,1
i know somebody,locash,1
capsize,frenship & emily warren,1
the difference,meek mill ,1
shout out to my ex,little mix,1
all eyez,the game ,1
how i'll always be,tim mcgraw,1
ain't my fault,zara larsson,1
wishing,dj drama ,1
80s mercedes,maren morris,1
blue notes,meek mill,1
my sh*t,a boogie wit da hoodie,1
what they want,russ,1
blessed up,meek mill,1
wat u mean ,dae dae,1
cool girl,tove lo,1
we are never ever getting back together,taylor swift,1
blow me ,p!nk,1
as long as you love me,justin bieber ,1
good time,owl city & carly rae jepsen,1
clique,kanye west,1
wide awake,katy perry,1
pound the alarm,nicki minaj,1
don't wake me up,chris brown,1
want u back,cher lloyd,1
blown away,carrie underwood,1
pontoon,little big town,1
50 ways to say goodbye,train,1
take a little ride,jason aldean,1
ronan,taylor swift,1
thinkin bout you,frank ocean,1
pop that,french montana ,1
hard to love,lee brice,1
2 reasons,trey songz ,1
she's so mean,matchbox twenty,1
i can only imagine,david guetta ,1
turn on the lights,future,1
kiss tomorrow goodbye,luke bryan,1
no worries,lil wayne ,1
lovin' you is fun,easton corbin,1
truck yeah,tim mcgraw,1
dark side,kelly clarkson,1
hello,karmin,1
birthday song,2 chainz ,1
lemme see,usher ,1
amen,meek mill ,1
come wake me up,rascal flatts,1
bandz a make her dance,juicy j ,1
for you,keith urban,1
over,blake shelton,1
fastest girl in town,miranda lambert,1
the one that got away,jake owen,1
feel again,onerepublic,1
between the raindrops,lifehouse ,1
creepin',eric church,1
put it down,brandy ,1
bag of money,wale ,1
enough of no love,keyshia cole ,1
take a walk,passion pit,1
this kiss,carly rae jepsen,1
dive in,trey songz,1
that's why i pray,big & rich,1
dance for you,beyonce,1
finally found you,enrique iglesias ,1
it's time,glee cast,1
heart skips a beat,olly murs ,1
shinin' on me,jerrod niemann,1
til my last day,justin moore,1
oh love,green day,1
empire state of mind,jay-z + alicia keys,1
bad romance,lady gaga,1
fireflies,owl city,1
whatcha say,jason derulo,1
replay,iyaz,1
sexy chick,david guetta ,1
paparazzi,lady gaga,1
down,jay sean ,1
party in the u.s.a.,miley cyrus,1
meet me halfway,the black eyed peas,1
sweet dreams,beyonce,1
you belong with me,taylor swift,1
already gone,kelly clarkson,1
forever,drake ,1
russian roulette,rihanna,1
run this town,jay-z,1
use somebody,kings of leon,1
i can transform ya,chris brown ,1
cowboy casanova,carrie underwood,1
one time,justin bieber,1
fifteen,taylor swift,1
evacuate the dancefloor,cascada,1
fallin' for you,colbie caillat,1
baby by me,50 cent ,1
do you remember,jay sean ,1
happy,leona lewis,1
money to blow,birdman ,1
toes,zac brown band,1
do i,luke bryan,1
body language,jesse mccartney ,1
papers,usher,1
i'm alive,kenny chesney with dave matthews,1
obsessed,mariah carey,1
consider me gone,reba,1
two is better than one,boys like girls ,1
live like we're dying,kris allen,1
white liar,miranda lambert,1
say hey ,michael franti & spearhead ,1
tie me down,new boyz ,1
break up,mario ,1
hotel room service,pitbull,1
if you only knew,shinedown,1
wasted,gucci mane ,1
lean on me,glee cast,1
gangsta luv,snoop dogg ,1
southern voice,tim mcgraw,1
all the right moves,onerepublic,1
uprising,muse,1
who says,john mayer,1
funhouse,p!nk,1
i invented sex,trey songz ,1
try sleeping with a broken heart,alicia keys,1
smile,uncle kracker,1
i wanna make you close your eyes,dierks bentley,1
give it up to me,shakira ,1
red light,david nail,1
bonfire,craig morgan,1
don't stand so close to me / young girl,glee cast,1
she wolf,shakira,1
the truth,jason aldean,1
spotlight,gucci mane ,1
say aah,trey songz ,1
gettin' you home,chris young,1
history in the making,darius rucker,1
imma star ,jeremih,1
i'll stand by you,glee cast,1
defying gravity,glee cast,1
i'm going in,drake ,1
bad habits,maxwell,1
drop it low,ester dean ,1
endless love,glee cast,1
down to earth,justin bieber,1
hard,rihanna ,1
i will not bow,breaking benjamin,1
someday,rob thomas,1
eight second ride,jake owen,1
5 star,yo gotti,1
only you can love me this way,keith urban,1
never gonna be alone,nickelback,1
welcome to the future,brad paisley,1
it kills me,melanie fiona,1
we weren't born to follow,bon jovi,1
break,three days grace,1
regret,letoya ,1
doesn't mean anything,alicia keys,1
why don't we just dance,josh turner,1
bigger,justin bieber,1
wheels,foo fighters,1
i get it in,omarion ,1
the invitation,50 cent,1
,weezer,1
first dance,justin bieber ,1
heartbreak warfare,john mayer,1
i'm the one,dj khaled ,1
now or never,halsey,1
bad liar,selena gomez,1
2u,david guetta ,1
magnolia,playboi carti,1
malibu,miley cyrus,1
everyday we lit,yfn lucci ,1
craving you,thomas rhett ,1
drowning,a boogie wit da hoodie ,1
dna.,kendrick lamar,1
my girl,dylan scott,1
swalla,jason derulo ,1
first day out,tee grizzley,1
the cure,lady gaga,1
passionfruit,drake,1
crying in the club,camila cabello,1
signs,drake,1
versace on the floor,bruno mars,1
every time i hear that song,blake shelton,1
drinkin' problem,midland,1
felices los 4,maluma,1
4 am,2 chainz ,1
privacy,chris brown,1
flatliner,cole swindell,1
you look good,lady antebellum,1
loyalty.,kendrick lamar ,1
sign of the times,harry styles,1
no such thing as a broken heart,old dominion,1
yours if you want it,rascal flatts,1
rollin,calvin harris ,1
no complaints,metro boomin ,1
weak,ajr,1
somebody else will,justin moore,1
down,fifth harmony ,1
who dat boy,tyler,1
swish swish,katy perry ,1
portland,drake ,1
reminder,the weeknd,1
most girls,hailee steinfeld,1
element.,kendrick lamar,1
it ain't my fault,brothers osborne,1
extra luv,future ,1
how not to,dan + shay,1
imma be,the black eyed peas,1
carry out,timbaland ,1
baby,justin bieber ,1
i made it ,kevin rudolf ,1
bedrock,young money ,1
american honey,lady antebellum,1
like a prayer,glee cast ,1
hey daddy ,usher ,1
solo,iyaz,1
naturally,selena gomez & the scene,1
say something,timbaland ,1
how low,ludacris,1
lil freak,usher ,1
winner,jamie foxx ,1
everything to me,monica,1
according to you,orianthi,1
not myself tonight,christina aguilera,1
ain't back yet,kenny chesney,1
highway 20 ride,zac brown band,1
i'm awesome,spose,1
beamer  benz  or bentley,lloyd banks ,1
halfway gone,lifehouse,1
blah blah blah,ke$ha ,1
temporary home,carrie underwood,1
today was a fairytale,taylor swift,1
unstoppable,rascal flatts,1
roger that,young money,1
when i look at you,miley cyrus,1
hell on the heart,eric church,1
steady mobbin',young money ,1
hillbilly bone,blake shelton ,1
bet i,b.o.b ,1
keep on lovin' you,steel magnolia,1
a little more country than that,easton corbin,1
drop the world,lil wayne ,1
backwoods,justin moore,1
borderline / open your heart,glee cast,1
i gotta get to you,george strait,1
'til summer comes around,keith urban,1
lemonade,gucci mane,1
like a virgin,glee cast,1
4 minutes,glee cast,1
still,tim mcgraw,1
gives you hell,glee cast,1
i am,mary j. blige,1
all i ever wanted,kelly clarkson,1
give me a sign ,breaking benjamin,1
love king,the-dream,1
o let's do it,waka flocka flame,1
sex therapy,robin thicke,1
this girl,kungs vs cookin' on 3 burners,1
say it,flume ,1
i met a girl,william michael morgan,1
rock on,tucker beathard,1
false alarm,the weeknd,1
different for girls,dierks bentley ,1
perfect illusion,lady gaga,1
forever country,artists of then,1
cranes in the sky,solange,1
you & me,marc e. bassy ,1
all in my head ,fifth harmony ,1
hold up,beyonce,1
crzy,kehlani,1
that part,schoolboy q ,1
i got the keys,dj khaled ,1
don't touch my hair,solange ,1
lifted,cl,1
gangsta,kehlani,1
why you always hatin?,yg ,1
thank u  next,ariana grande,1
sicko mode,travis scott,1
without me,halsey,1
happier,marshmello & bastille,1
high hopes,panic! at the disco,1
going bad,meek mill ,1
zeze,kodak black ,1
drip too hard,lil baby & gunna,1
mo bamba,sheck wes,1
girls like you,maroon 5 ,1
breathin,ariana grande,1
lucid dreams,juice wrld,1
youngblood,5 seconds of summer,1
better now,post malone,1
sunflower ,post malone & swae lee,1
eastside,benny blanco,1
wake up in the sky,gucci mane x bruno mars x kodak black,1
what's free,meek mill ,1
trip,ella mai,1
taki taki,dj snake ,1
mia,bad bunny ,1
love lies,khalid & normani,1
money,cardi b,1
on me,meek mill ,1
dangerous,meek mill ,1
leave me alone,flipp dinero,1
better,khalid,1
last christmas,wham!,1
natural,imagine dragons,1
rudolph the red-nosed reindeer,gene autry,1
beautiful,bazzi ,1
shallow,lady gaga & bradley cooper,1
uptown vibes,meek mill ,1
speechless,dan + shay,1
let it snow  let it snow  let it snow,dean martin,1
i like it,cardi b,1
mama,6ix9ine ,1
kika,6ix9ine ,1
broken,lovelytheband,1
pure cocaine,lil baby,1
taste,tyga ,1
god is a woman,ariana grande,1
she got the best of me,luke combs,1
uproar,lil wayne,1
waka,6ix9ine ,1
fefe,6ix9ine ,1
tic toc,6ix9ine ,1
24/7,meek mill ,1
intro,meek mill,1
drunk me,mitchell tenpenny,1
respect the game,meek mill,1
ring,cardi b ,1
best shot,jimmie allen,1
good form,nicki minaj ,1
trauma,meek mill,1
time,lil baby ,1
nuketown,ski mask the slump god ,1
calling my spirit,kodak black,1
lie,nf,1
ready,lil baby ,1
nothing breaks like a heart,mark ronson ,1
when the party's over,billie eilish,1
you say,lauren daigle,1
championships,meek mill,1
lost in japan,shawn mendes x zedd,1
tic tac toe,meek mill ,1
almost slipped,meek mill,1
arms around you,xxxtentacion x lil pump ,1
bad!,xxxtentacion,1
armed and dangerous,juice wrld,1
splash warning,meek mill ,1
pay you back,meek mill ,1
be alright,dean lewis,1
that's on me,yella beezy,1
foot fungus,ski mask the slump god,1
crush a lot,lil baby,1
talk to me,tory lanez & rich the kid,1
close friends,lil baby,1
oodles o' noodles babies,meek mill,1
backin' it up,pardison fontaine ,1
this feeling,the chainsmokers ,1
fine china,future & juice wrld,1
stoopid,6ix9ine ,1
burning man,dierks bentley ,1
global,lil baby,1
smile ,lil' duval ,1
close to me,ellie goulding x diplo ,1
consequences,camila cabello,1
no stylist,french montana ,1
good girl,dustin lynch,1
ella quiere beber,anuel aa & romeo santos,1
word on the street,lil baby,1
sixteen,thomas rhett,1
you,jacquees,1
rise,katy perry,1
make me...,britney spears ,1
toothbrush,dnce,1
my pyt,wale,1
girls talk boys,5 seconds of summer,1
famous,kanye west,1
lockjaw,french montana ,1
she's got a way with words,blake shelton,1
mama said,lukas graham,1
brand new,ben rector,1
duele el corazon,enrique iglesias ,1
body say,demi lovato,1
m.i.l.f. $,fergie,1
night's on fire,david nail,1
no shopping,french montana ,1
sex with me,rihanna,1
lush life,zara larsson,1
say something,a great big world & christina aguilera,1
little drummer boy,pentatonix,1
unconditionally,katy perry,1
white walls,macklemore & ryan lewis ,1
do what u want,lady gaga ,1
my hitta,yg ,1
stay,florida georgia line,1
it won't stop,sevyn streeter ,1
marry me,jason derulo,1
all me,drake ,1
rap god,eminem,1
drink a beer,luke bryan,1
carolina,parmalee,1
whatever she's got,david nail,1
tko,justin timberlake,1
all that matters,justin bieber,1
chillin' it,cole swindell,1
sweet annie,zac brown band,1
let it go,demi lovato,1
change me,justin bieber,1
bound 2,kanye west,1
friday night,eric paslay,1
don't let me be lonely,the band perry,1
radio,darius rucker,1
when she says baby,jason aldean,1
love me again,john newman,1
the language,drake,1
up all night,jon pardi,1
work b**ch!,britney spears,1
compass,lady antebellum,1
perfume,britney spears,1
who you love,john mayer ,1
everybody's got somebody but me,hunter hayes ,1
what now,rihanna,1
survival,eminem,1
i. crawl,childish gambino,1
up down ,t-pain ,1
helluva life,frankie ballard,1
right there,ariana grande ,1
alone together,fall out boy,1
underneath the tree,kelly clarkson,1
the outsiders,eric church,1
pound cake / paris morton music 2,drake ,1
old school love,lupe fiasco ,1
all the way home,tamar braxton,1
days of gold,jake owen,1
do i wanna know?,arctic monkeys,1
waiting for superman,daughtry,1
chasing the sun,the wanted,1
settle down,no doubt,1
the wind,zac brown band,1
new day,50 cent ,1
snap backs & tattoos,driicky graham,1
my homies still,lil wayne ,1
glass,thompson square,1
diced pineapples,rick ross ,1
promises,nero,1
neon,chris young,1
something to do with my hands,thomas rhett,1
sidewalks,the weeknd ,1
six feet under,the weeknd,1
black barbies,nicki minaj x mike will made-it,1
secrets,the weeknd,1
me and your mama,childish gambino,1
die for you,the weeknd,1
home,gnash ,1
true colors,the weeknd,1
rockin',the weeknd,1
all i know,the weeknd ,1
that's my girl,fifth harmony,1
false prophets,j. cole,1
alone,marshmello,1
attention,the weeknd,1
ordinary life,the weeknd,1
love drunk,boys like girls,1
throw it in the bag,fabolous ,1
sweet caroline,glee cast,1
good girls go bad,cobra starship ,1
21 guns,green day,1
i know you want me ,pitbull,1
boom boom pow,the black eyed peas,1
successful,drake ,1
knock you down,keri hilson ,1
big green tractor,jason aldean,1
time for miracles,adam lambert,1
never say never,the fray,1
american ride,toby keith,1
be on you,flo rida ,1
good morning,chamillionaire,1
number one,r. kelly ,1
starstrukk,3oh!3 ,1
runaway,love and theft,1
god in me,mary mary ,1
la la la,lmfao,1
take your shirt off,t-pain,1
one less lonely girl,justin bieber,1
ain't no rest for the wicked,cage the elephant,1
under,pleasure p,1
lol :-),trey songz ,1
bust a move,glee cast,1
you're a jerk,new boyz,1
vanilla twilight,owl city,1
honky tonk stomp,brooks & dunn ,1
i want to know what love is,mariah carey,1
good girls,5 seconds of summer,1
dare ,shakira,1
shades of cool,lana del rey,1
on top of the world,imagine dragons,1
chainsaw,the band perry,1
xo,john mayer,1
don't stop,5 seconds of summer,1
tennis court,lorde,1
i got a car,george strait,1
i won,future ,1
truth hurts,lizzo,1
senorita,shawn mendes & camila cabello,1
bad guy,billie eilish,1
you need to calm down,taylor swift,1
old town road,lil nas x ,1
ran$om,lil tecca,1
no guidance,chris brown ,1
talk,khalid,1
i don't care,ed sheeran & justin bieber,1
lover,taylor swift,1
me!,taylor swift ,1
goodbyes,post malone ,1
someone you loved,lewis capaldi,1
money in the grave,drake ,1
sucker,jonas brothers,1
if i can't have you,shawn mendes,1
suge,dababy,1
the git up,blanco brown,1
beautiful people,ed sheeran ,1
my type,saweetie,1
boyfriend,ariana grande & social house,1
the man,taylor swift,1
baby,lil baby & dababy,1
the london,young thug,1
dancing with a stranger,sam smith & normani,1
beer never broke my heart,luke combs,1
i forgot that you existed,taylor swift,1
cruel summer,taylor swift,1
pop out,polo g ,1
hot girl summer,megan thee stallion,1
knockin' boots,luke bryan,1
wow.,post malone,1
how do you sleep?,sam smith,1
hey look ma  i made it,panic! at the disco,1
the archer,taylor swift,1
hot,young thug ,1
panini,lil nas x,1
trampoline,shaed,1
cash shit,megan thee stallion ,1
7 rings,ariana grande,1
only human,jonas brothers,1
paper rings,taylor swift,1
god's country,blake shelton,1
whiskey glasses,morgan wallen,1
all to myself,dan + shay,1
miss americana & the heartbreak prince,taylor swift,1
shotta flow,nle choppa,1
i think he knows,taylor swift,1
good as hell,lizzo,1
the ones that didn't make it back home,justin moore,1
bad bad bad,young thug ,1
on chill,wale ,1
rearview town,jason aldean,1
cornelia street,taylor swift,1
china,anuel aa,1
one thing right,marshmello & kane brown,1
otro trago,sech,1
queen of mean,sarah jeffery,1
london boy,taylor swift,1
soon you'll get better,taylor swift ,1
slide away,miley cyrus,1
easier,5 seconds of summer,1
motivation,normani,1
death by a thousand cuts,taylor swift,1
i don't know about you,chris lane,1
callaita,bad bunny & tainy,1
f.n,lil tjay,1
lalala,y2k & bbno$,1
time,nf,1
living,dierks bentley,1
prayed for you,matt stell,1
afterglow,taylor swift,1
southbound,carrie underwood,1
false god,taylor swift,1
it's you,ali gatie,1
call you mine,the chainsmokers & bebe rexha,1
hate me,ellie goulding & juice wrld,1
love you too late,cole swindell,1
juice,lizzo,1
ballin',mustard ,1
go loko,yg,1
press,cardi b,1
no me conoce,jhay cortez,1
playing games,summer walker,1
tip of my tongue,kenny chesney,1
daylight,taylor swift,1
raised on country,chris young,1
one man band,old dominion,1
it's nice to have a friend,taylor swift,1
right back,khalid ,1
never really over,katy perry,1
baguettes in the face,mustard ,1
earfquake,tyler,1
soltera,lunay,1
baby sitter,dababy ,1
did it again,lil tecca,1
buy my own drinks,runaway june,1
yeah ya know ,t.i.,1
good vibrations,glee cast,1
poker face,glee cast,1
beautiful day,lee dewyze,1
deja vu,3oh!3,1
hallelujah,lee dewyze,1
another one bites the dust,glee cast,1
falling slowly,lee dewyze & crystal bowersox,1
tell me something good,glee cast,1
loser,glee cast,1
it's a man's  man's man's world,glee cast,1
dirty picture,taio cruz ,1
bartier cardi,cardi b ,1
finesse,bruno mars & cardi b,1
river,eminem ,1
la modelo,ozuna x cardi b,1
never be the same,camila cabello,1
no smoke,youngboy never broke again,1
ice tray,quavo & lil yachty,1
legends,kelsea ballerini,1
one foot,walk the moon,1
heaven,kane brown,1
this is me,keala settle & the greatest showman ensemble,1
my dawg,lil baby,1
rewrite the stars,zac efron & zendaya,1
never enough,loren allred,1
stir fry,migos,1
corazon,maluma x nego do borel,1
female,keith urban,1
the greatest show,hugh jackman,1
home,machine gun kelly,1
best friend,sofi tukker ,1
high by the beach,lana del rey,1
if only,dove cameron,1
100 grandkids,mac miller,1
filthy,justin timberlake,1
all the stars,kendrick lamar & sza,1
for you ,liam payne & rita ora,1
nowadays,lil skies ,1
i miss you,clean bandit ,1
beautiful trauma,p!nk,1
red roses,lil skies ,1
west coast,lana del rey,1
drunk in love,beyonce ,1
19 you + me,dan + shay,1
paranoid,ty dolla $ign ,1
john doe,b.o.b ,1
goodnight kiss,randy houser,1
do you want to build a snowman?,kristen bell,1
for the first time in forever,kristen bell & idina menzel,1
i hold on,dierks bentley,1
headlights,eminem ,1
midnight,coldplay,1
oceans ,hillsong united,1
ride,somo,1
feelin' myself,will.i.am ,1
slow me down,sara evans,1
almost like praying,lin-manuel miranda ,1
pray,sam smith ,1
dear hate,maren morris ,1
no promises,a boogie wit da hoodie,1
say a',a boogie wit da hoodie,1
dna,bts,1
lighters,bad meets evil ,1
last friday night ,katy perry,1
how to love,lil wayne,1
cheers ,rihanna,1
i wanna go,britney spears,1
if i die young,the band perry,1
you and i,lady gaga,1
i'm on one,dj khaled ,1
the edge of glory,lady gaga,1
remind me,brad paisley duet with carrie underwood,1
otis,jay z kanye west ,1
best thing i never had,beyonce,1
knee deep,zac brown band ,1
take a back road,rodney atkins,1
god gave me you,blake shelton,1
you and tequila,kenny chesney ,1
country girl ,luke bryan,1
rain over me,pitbull ,1
in the dark,dev,1
mr. saxobeat,alexandra stan,1
every teardrop is a waterfall,coldplay,1
where them girls at,david guetta ,1
marvins room,drake,1
take over control,afrojack ,1
marvin & chardonnay,big sean ,1
made in america,toby keith,1
am i the only one,dierks bentley,1
the adventures of rain dance maggie,red hot chili peppers,1
pretty girls,iyaz ,1
nothing,the script,1
long hot summer,keith urban,1
hell on heels,pistol annies,1
out of my head,lupe fiasco ,1
keep your head up,andy grammer,1
love done gone,billy currington,1
better with the lights off,new boyz ,1
skyscraper,demi lovato,1
quickie,miguel,1
i love you this big,scotty mccreery,1
easy,rascal flatts ,1
just fishin',trace adkins,1
gucci gucci,kreayshawn,1
sparks fly,taylor swift,1
country must be country wide,brantley gilbert,1
baggage claim,miranda lambert,1
here for a good time,george strait,1
frick park market,mac miller,1
i'm into you,jennifer lopez ,1
faster,matt nathanson,1
save me  san francisco,train,1
one more drinkin' song,jerrod niemann,1
night of your life,david guetta ,1
fish,craig campbell,1
walk,foo fighters,1
we owned the night,lady antebellum,1
don't wanna go home,jason derulo,1
i got you,thompson square,1
never gonna leave this bed,maroon 5,1
love don't run,steve holy,1
what the water gave me,florence + the machine,1
far away,tyga ,1
booty wurk ,t-pain ,1
man down,rihanna,1
cost of livin',ronnie dunn,1
arms,christina perri,1
till i'm gone,tinie tempah ,1
martians vs goblins,game ,1
like a g6,far*east movement ,1
teenage dream,glee cast,1
bottoms up,trey songz ,1
club can't handle me,flo rida ,1
stuck like glue,sugarland,1
whip my hair,willow,1
please don't go,mike posner,1
mine,taylor swift,1
deuces,chris brown ,1
secrets,onerepublic,1
right above it,lil wayne ,1
start me up / livin' on a prayer,glee cast,1
as she's walking away,zac brown band ,1
love like woe,the ready set,1
right thru me,nicki minaj,1
aston martin music,rick ross ,1
we no speak americano,yolanda be cool & dcup,1
stop! in the name of love / free your mind,glee cast,1
one love ,glee cast,1
check it out,will.i.am & nicki minaj,1
letting go ,sean kingston ,1
my kinda party,jason aldean,1
can't be friends,trey songz,1
hot tottie,usher ,1
runaway,kanye west ,1
anything like me,brad paisley,1
take it off,ke$ha,1
marijuana,kid cudi,1
september,daughtry,1
mama's song,carrie underwood,1
memories,david guetta ,1
why wait,rascal flatts,1
the breath you take,george strait,1
only prettier,miranda lambert,1
turn on the radio,reba,1
fancy,drake ,1
come back song,darius rucker,1
shake,jesse mccartney,1
put you in a song,keith urban,1
little lion man,mumford & sons,1
all i want is you,miguel ,1
what if,jason derulo,1
cannibal,ke$ha,1
rhythm of love,plain white t's,1
monster,kanye west ,1
the boys of fall,kenny chesney,1
loca,shakira ,1
smoke a little smoke,eric church,1
bon  bon,pitbull,1
roll with it,easton corbin,1
sick,new hollow,1
dog days are over,florence + the machine,1
angel,akon,1
scott mescudi vs. the world,kid cudi ,1
make a movie,twista ,1
this ain't no love song,trace adkins,1
holding you down ,jazmine sullivan,1
one in a million,ne-yo,1
porn star dancing,my darkest days ,1
strip me,natasha bedingfield,1
bullets in the gun,toby keith,1
young girls,bruno mars,1
adore you,miley cyrus,1
see you tonight,scotty mccreery,1
take me home,cash cash ,1
everything i shouldn't be thinking about,thompson square,1
sanctified,rick ross ,1
ordinary love,u2,1
odio,romeo santos ,1
the devil is a lie,rick ross ,1
glory and gore,lorde,1
adrenalina,wisin ,1
can't raise a man,k. michelle,1
they don't know,rico love,1
chocolate,the 1975,1
mistletoe,justin bieber,1
criminal,britney spears,1
mrs. right,mindless behavior ,1
body 2 body,ace hood ,1
wet the bed,chris brown ,1
dedication to my ex ,lloyd ,1
got 2 luv u,sean paul ,1
promise,romeo santos ,1
focused,wale ,1
crawling back to you,daughtry,1
i got nothin',darius rucker,1
baby,glee cast,1
sing,glee cast,1
take me or leave me,glee cast,1
somebody to love,glee cast,1
born to be somebody,justin bieber,1
hit the lights,jay sean ,1
forget you,glee cast ,1
firework,glee cast,1
do the john wall,troop 41,1
back to you,louis tomlinson ,1
whatever you need,meek mill ,1
fetish,selena gomez ,1
homemade dynamite,lorde ,1
everybody dies in their nightmares,xxxtentacion,1
these heaux,bhad bhabie,1
wish i knew you,the revivalists,1
dirty dancer,enrique iglesias with usher ,1
california king bed,rihanna,1
heartless,dia frampton,1
angel,javier colon,1
today is your day,shania twain,1
the story of us,taylor swift,1
right there,nicole scherzinger ,1
jolene,vicci martinez,1
run the world ,beyonce,1
unusual,trey songz ,1
black horse and the cherry tree,casey weston,1
see no more,joe jonas,1
best friend's brother,victorious cast ,1
price tag,xenia,1
monster,paramore,1
heartbreaker,justin bieber,1
sirens,pearl jam,1
make you feel my love,glee cast,1
drive,miley cyrus,1
v.s.o.p.,k. michelle,1
someone else,miley cyrus,1
all kinds of kinds,miranda lambert,1
loco,enrique iglesias ,1
lazarus,david bowie,1
space oddity,david bowie,1
under pressure,queen & david bowie,1
blackstar,david bowie,1
mr. misunderstood,eric church,1
bang my head,david guetta ,1
god's plan,drake,1
diplomatic immunity,drake,1
keke,6ix9ine,1
outside today,youngboy never broke again,1
mine,bazzi,1
sick boy,the chainsmokers,1
supplies,justin timberlake,1
no name,nf,1
king's dead,jay rock,1
wait,maroon 5,1
idgaf,dua lipa,1
rock,plies,1
seein' red,dustin lynch,1
otw,dj luke nasty,1
not afraid anymore,halsey,1
red opps,21 savage,1
water,ugly god,1
neighbors,j. cole,1
way down we go,kaleo,1
timeless,a boogie wit da hoodie ,1
parachute,chris stapleton,1
just hold on,steve aoki & louis tomlinson,1
beibs in the trap,travis scott,1
around my way ,lupe fiasco,1
undefeated,jason derulo,1
how we do ,rita ora,1
we've got tonight,phillip phillips,1
nice for what,drake,1
psycho,post malone ,1
the middle,zedd,1
look alive,blocboy jb ,1
freaky friday,lil dicky ,1
chun-li,nicki minaj,1
walk it talk it,migos ,1
be careful,cardi b,1
plug walk,rich the kid,1
call out my name,the weeknd,1
pray for me,the weeknd & kendrick lamar,1
whatever it takes,imagine dragons,1
friends,marshmello & anne-marie,1
sad!,xxxtentacion,1
esskeetit,lil pump,1
barbie tingz,nicki minaj,1
japan,famous dex,1
you make it easy,jason aldean,1
drip,cardi b ,1
powerglide,rae sremmurd & juicy j,1
in my blood,shawn mendes,1
say something,justin timberlake ,1
i do,cardi b ,1
most people are good,luke bryan,1
cry pretty,carrie underwood,1
delicate,taylor swift,1
new freezer,rich the kid ,1
no excuses,meghan trainor,1
x,nicky jam x j balvin,1
tequila,dan + shay,1
singles you up,jordan davis,1
diamond teeth samurai,youngboy never broke again,1
boo'd up,ella mai,1
everyday,logic & marshmello,1
one kiss,calvin harris & dua lipa,1
the long way,brett eldredge,1
i lived it,blake shelton,1
best life,cardi b ,1
bickenhead,cardi b,1
changes,xxxtentacion,1
one number away,luke combs,1
el farsante,ozuna & romeo santos,1
dura,daddy yankee,1
let me,zayn,1
zombie,bad wolves,1
thru your phone,cardi b,1
wasted times,the weeknd,1
get up 10,cardi b,1
get along,kenny chesney,1
i like me better,lauv,1
sit next to me,foster the people,1
woman  amen,dierks bentley,1
for the first time,darius rucker,1
guatemala,swae lee ,1
moonlight,xxxtentacion,1
up down,morgan wallen ,1
money bag,cardi b,1
sativa,jhene aiko ,1
anybody,young thug ,1
she bad,cardi b & yg,1
billy,6ix9ine,1
top off,dj khaled ,1
she's with me,high valley,1
get you,daniel caesar ,1
broken clocks,sza,1
gotti,6ix9ine,1
hardaway,derez de'shon,1
country nation,brad paisley,1
jam,kevin gates ,1
alive,sia,1
loser like me,glee cast,1
get it right,glee cast,1
raise your glass,glee cast,1
blackbird,glee cast,1
misery,glee cast,1
hell to the no,glee cast,1
landslide,glee cast ,1
candles,glee cast,1
boom,snoop dogg ,1
dancing crazy,miranda cosgrove,1
a year without rain,selena gomez & the scene,1
2012 ,jay sean ,1
hollywood,michael buble,1
love all over me,monica,1
la la la,auburn ,1
b.m.f. ,rick ross ,1
all over me,josh turner,1
erase me,kid cudi ,1
power,kanye west,1
the catalyst,linkin park,1
break my bank,new boyz ,1
toot it and boot it,yg,1
dumb love,sean kingston,1
bittersweet,fantasia,1
rockstar 101,rihanna ,1
introducing me,nick jonas,1
the man who can't be moved,the script,1
way out here,josh thompson,1
trailerhood,toby keith,1
champagne life,ne-yo,1
santa tell me,ariana grande,1
mary  did you know?,pentatonix,1
masterpiece,jessie j,1
burnin' up,jessie j ,1
break the rules,charli xcx,1
bad b*tch,french montana ,1
can't stop dancin',becky g,1
shell shocked,juicy j,1
title,meghan trainor,1
walk on water,eminem ,1
call it what you want,taylor swift,1
rap saved me,21 savage,1
gorgeous,taylor swift,1
the plan,g-eazy,1
patek water,future & young thug ,1
in my feelings,drake,1
killshot,eminem,1
i love it,kanye west & lil pump,1
falling down,lil peep & xxxtentacion,1
nonstop,drake,1
no brainer,dj khaled ,1
back to you,selena gomez,1
yes indeed,lil baby & drake,1
new patek,lil uzi vert,1
big bank,yg ,1
lucky you,eminem ,1
no tears left to cry,ariana grande,1
i'm a mess,bebe rexha,1
rap devil,machine gun kelly,1
simple,florida georgia line,1
hotel key,old dominion,1
drew barrymore,bryce vine,1
blue tacoma,russell dickerson,1
jackie chan,tiesto & dzeko ,1
africa,weezer,1
sunrise  sunburn  sunset,luke bryan,1
break up in the end,cole swindell,1
the way i am,charlie puth,1
lose it,kane brown,1
head above water,avril lavigne,1
w o r k i n  m e,quavo,1
medicine,queen naija,1
promises,calvin harris & sam smith,1
barbie dreams,nicki minaj,1
thunderclouds,labrinth,1
all girls are the same,juice wrld,1
fall,eminem,1
best part,daniel caesar ,1
life changes,thomas rhett,1
hooked,dylan scott,1
drowns the whiskey,jason aldean ,1
drunk girl,chris janson,1
noticed,lil mosey,1
yosemite,travis scott,1
hangin' on,chris young,1
stargazing,travis scott,1
bebe,6ix9ine ,1
lean wit me,juice wrld,1
self care,mac miller,1
otw,khalid,1
remind me to forget,kygo ,1
desperate man,eric church,1
the ringer,eminem,1
rich,maren morris,1
apes**t,the carters,1
hopeless romantic,wiz khalifa ,1
solo,clean bandit ,1
vaina loca,ozuna x manuel turizo,1
we'll be a dream,we the kings ,1
cuando me enamoro,enrique iglesias ,1
up on the ridge,dierks bentley,1
numb,linkin park,1
in the end,linkin park,1
what's my name,china anne mcclain,1
issues,meek mill,1
wins & losses,meek mill,1
it's goin' down,descendants 2 cast,1
1942 flows,meek mill,1
imitadora,romeo santos,1
subeme la radio,enrique iglesias ,1
the story of o.j.,jay-z,1
we ball,meek mill ,1
f**k that check up,meek mill ,1
heavy heart,meek mill,1
never recover,lil baby & gunna ,1
mona lisa,lil wayne ,1
i'll never love again,lady gaga,1
always remember us this way,lady gaga,1
venom,eminem,1
off white vlone,lil baby & gunna ,1
don't cry,lil wayne ,1
business is business,lil baby & gunna,1
is that alright?,lady gaga,1
let it fly,lil wayne ,1
if i'm lyin  i'm flyin,kodak black,1
dedicate,lil wayne,1
jumpsuit,twenty one pilots,1
belly,lil baby & gunna,1
my blood,twenty one pilots,1
can't be broken,lil wayne,1
maybe it's time,bradley cooper,1
nico and the niners,twenty one pilots,1
deep end,lil baby,1
i am,lil baby & gunna,1
stargirl interlude,the weeknd ,1
nothing without you,the weeknd,1
a lonely night,the weeknd,1
love to lay,the weeknd,1
distraction,kehlani,1
we know the way,opetaia foa'i & lin-manuel miranda,1
look alive,rae sremmurd,1
hold tight,justin bieber,1
sweeter than fiction,taylor swift,1
wait for a minute,tyga & justin bieber,1
best i ever had,gavin degraw,1
rough water,travie mccoy ,1
closer,tegan and sara,1
best i ever had,drake,1
no surprise,daughtry,1
keep holding on,glee cast,1
no air,glee cast,1
small town usa,justin moore,1
it's my life / confessions part ii,glee cast,1
nobody,wonder girls,1
chances,five for fighting,1
halo / walking on sunshine,glee cast,1
kings and queens,thirty seconds to mars,1
hell of a life,t.i.,1
notion,kings of leon,1
setting fires,the chainsmokers ,1
ppap ,pikotaro,1
greenlight,pitbull ,1
i'm upset,drake,1
emotionless,drake,1
don't matter to me,drake ,1
mob ties,drake,1
elevate,drake,1
survival,drake,1
can't take a joke,drake,1
talk up,drake ,1
8 out of 10,drake,1
sandra's rose,drake,1
summer games,drake,1
blue tint,drake,1
jaded,drake,1
is there more,drake,1
that's how you feel,drake,1
peak,drake,1
after dark,drake ,1
finesse,drake,1
this is america,childish gambino,1
ratchet happy birthday,drake,1
final fantasy,drake,1
march 14,drake,1
te bote,casper magico,1
karma,queen naija,1
mercy,brett young,1
i was jack ,jake owen,1
alone,halsey ,1
everything's gonna be alright,david lee murphy & kenny chesney,1
ball for me,post malone ,1
kiss somebody,morgan evans,1
kod,j. cole,1
done for me,charlie puth ,1
take back home girl,chris lane ,1
coming home,keith urban ,1
bed,nicki minaj ,1
all mine,kanye west,1
don't go breaking my heart,backstreet boys,1
sin pijama,becky g + natti natasha,1
yikes,kanye west,1
downtown's dead,sam hunt,1
me niego,reik ,1
the remedy for a broken heart ,xxxtentacion,1
growing pains,alessia cara,1
like my mother does,lauren alaina,1
donald trump,mac miller,1
iridescent,linkin park,1
1+1,beyonce,1
danza kuduro,don omar & lucenzo,1
cat daddy,rej3ctz,1
,steven tyler,1
beautiful life,nick fradiani,1
a thousand years,sawyer fredericks,1
twisted,gorilla zoe ,1
what are words,chris medina,1
walking,mary mary,1
21st century girl,willow,1
we might be dead by tomorrow,soko,1
love is an open door,kristen bell & santino fontana,1
i luh ya papi,jennifer lopez ,1
glory,common & john legend,1
legend,drake,1
first kiss,kid rock,1
you're so beautiful,empire cast ,1
immortals,fall out boy,1
all your fault,big sean ,1
you are in love,taylor swift,1
little red wagon,miranda lambert,1
not for long,b.o.b ,1
paradise,big sean,1
no tellin',drake,1
purple rain,prince and the revolution,1
when doves cry,prince,1
kiss,prince and the revolution,1
little red corvette,prince,1
let's go crazy,prince and the revolution,1
1999,prince,1
company,justin bieber,1
team,iggy azalea,1
new romantics,taylor swift,1
if it ain't love,jason derulo,1
pt. 2,kanye west,1
let me love you,ariana grande ,1
fast car,jonas blue ,1
you & i ,john legend,1
she twerkin,ca$h out,1
middle child,j. cole,1
thotiana,blueface,1
break up with your girlfriend  i'm bored,ariana grande,1
please me,cardi b & bruno mars,1
murder on my mind,ynw melly,1
a lot,21 savage,1
beautiful crazy,luke combs,1
sweet but psycho,ava max,1
robbery,juice wrld,1
baby shark,pinkfong,1
look back at it,a boogie wit da hoodie,1
bury a friend,billie eilish,1
envy me,calboy,1
swervin,a boogie wit da hoodie ,1
twerk,city girls ,1
take it from me,jordan davis,1
legacy,offset ,1
red room,offset,1
this is it,scotty mccreery,1
pure water,mustard & migos,1
walk me home,p!nk,1
mixed personalities,ynw melly ,1
millionaire,chris stapleton,1
girl like you,jason aldean,1
con calma,daddy yankee & katy perry ,1
needy,ariana grande,1
what makes you country,luke bryan,1
undecided,chris brown,1
clout,offset ,1
how did i get here,offset ,1
who do you love,the chainsmokers ,1
nights like this,kehlani ,1
nasa,ariana grande,1
burn out,midland,1
outstanding,gunna,1
here tonight,brett young,1
be like me,lil pump ,1
worth it,yk osiris,1
3 headed snake,gunna ,1
wit it,gunna,1
one call,gunna,1
down to the honkytonk,jake owen,1
shot clock,ella mai,1
miss me more,kelsea ballerini,1
imagine,ariana grande,1
lick,offset,1
girls need love,summer walker x drake,1
eyes on you,chase rice,1
love someone,lukas graham,1
bad idea,ariana grande,1
speed it up,gunna,1
secreto,anuel aa & karol g,1
bloodline,ariana grande,1
i guess i just feel like,john mayer,1
good as you,kane brown,1
put a date on it,yo gotti ,1
same yung n***a,gunna ,1
talk you out of it,florida georgia line,1
make it sweet,old dominion,1
faucet failure,ski mask the slump god,1
love make the world go round,jennifer lopez & lin-manuel miranda,1
bored to death,blink-182,1
la bicicleta,carlos vives & shakira,1
no money,galantis,1
